year,state,candidatevotes,party_simplified
2012,ALABAMA,1255925,REPUBLICAN
2012,ALABAMA,795696,DEMOCRAT
2012,ALABAMA,18706,OTHER
2012,ALABAMA,4011,OTHER
2012,ALASKA,164676,REPUBLICAN
2012,ALASKA,122640,DEMOCRAT
2012,ALASKA,7392,LIBERTARIAN
2012,ALASKA,2917,OTHER
2012,ALASKA,2870,OTHER
2012,ARIZONA,1233654,REPUBLICAN
2012,ARIZONA,1025232,DEMOCRAT
2012,ARIZONA,32100,LIBERTARIAN
2012,ARIZONA,7816,OTHER
2012,ARIZONA,452,OTHER
2012,ARKANSAS,647744,REPUBLICAN
2012,ARKANSAS,394409,DEMOCRAT
2012,ARKANSAS,16276,LIBERTARIAN
2012,ARKANSAS,9305,OTHER
2012,ARKANSAS,1734,OTHER
2012,CALIFORNIA,7854285,DEMOCRAT
2012,CALIFORNIA,4839958,REPUBLICAN
2012,CALIFORNIA,143221,LIBERTARIAN
2012,CALIFORNIA,85638,OTHER
2012,CALIFORNIA,53824,OTHER
2012,CALIFORNIA,38372,OTHER
2012,CALIFORNIA,23249,OTHER
2012,COLORADO,1323101,DEMOCRAT
2012,COLORADO,1185243,REPUBLICAN
2012,COLORADO,35545,LIBERTARIAN
2012,COLORADO,7508,OTHER
2012,COLORADO,6234,OTHER
2012,COLORADO,5057,OTHER
2012,COLORADO,2588,OTHER
2012,COLORADO,1262,OTHER
2012,COLORADO,791,OTHER
2012,COLORADO,679,OTHER
2012,COLORADO,317,OTHER
2012,COLORADO,308,OTHER
2012,COLORADO,267,OTHER
2012,COLORADO,235,OTHER
2012,COLORADO,192,OTHER
2012,COLORADO,189,OTHER
2012,CONNECTICUT,905083,DEMOCRAT
2012,CONNECTICUT,634892,REPUBLICAN
2012,CONNECTICUT,12340,LIBERTARIAN
2012,CONNECTICUT,4971,OTHER
2012,CONNECTICUT,918,OTHER
2012,DELAWARE,242584,DEMOCRAT
2012,DELAWARE,165484,REPUBLICAN
2012,DELAWARE,3882,LIBERTARIAN
2012,DELAWARE,1940,OTHER
2012,DISTRICT OF COLUMBIA,267070,DEMOCRAT
2012,DISTRICT OF COLUMBIA,21381,REPUBLICAN
2012,DISTRICT OF COLUMBIA,2458,OTHER
2012,DISTRICT OF COLUMBIA,2083,LIBERTARIAN
2012,DISTRICT OF COLUMBIA,772,OTHER
2012,FLORIDA,4237756,DEMOCRAT
2012,FLORIDA,4163447,REPUBLICAN
2012,FLORIDA,44726,LIBERTARIAN
2012,FLORIDA,8947,OTHER
2012,FLORIDA,8154,OTHER
2012,FLORIDA,3856,OTHER
2012,FLORIDA,2607,OTHER
2012,FLORIDA,1754,OTHER
2012,FLORIDA,946,OTHER
2012,FLORIDA,820,OTHER
2012,FLORIDA,799,OTHER
2012,FLORIDA,322,OTHER
2012,FLORIDA,45,OTHER
2012,GEORGIA,2078688,REPUBLICAN
2012,GEORGIA,1773827,DEMOCRAT
2012,GEORGIA,45324,LIBERTARIAN
2012,HAWAII,306658,DEMOCRAT
2012,HAWAII,121015,REPUBLICAN
2012,HAWAII,3840,LIBERTARIAN
2012,HAWAII,3184,OTHER
2012,HAWAII,2227,OTHER
2012,HAWAII,235,OTHER
2012,IDAHO,420911,REPUBLICAN
2012,IDAHO,212787,DEMOCRAT
2012,IDAHO,9453,LIBERTARIAN
2012,IDAHO,6901,OTHER
2012,IDAHO,2222,OTHER
2012,ILLINOIS,3019512,DEMOCRAT
2012,ILLINOIS,2135216,REPUBLICAN
2012,ILLINOIS,56229,LIBERTARIAN
2012,ILLINOIS,30222,OTHER
2012,ILLINOIS,835,OTHER
2012,INDIANA,1420543,REPUBLICAN
2012,INDIANA,1152887,DEMOCRAT
2012,INDIANA,50111,LIBERTARIAN
2012,INDIANA,993,OTHER
2012,IOWA,822544,DEMOCRAT
2012,IOWA,730617,REPUBLICAN
2012,IOWA,12926,LIBERTARIAN
2012,IOWA,7442,OTHER
2012,IOWA,3769,OTHER
2012,IOWA,3038,OTHER
2012,IOWA,1027,OTHER
2012,IOWA,445,OTHER
2012,IOWA,372,OTHER
2012,KANSAS,692634,REPUBLICAN
2012,KANSAS,440726,DEMOCRAT
2012,KANSAS,20456,LIBERTARIAN
2012,KANSAS,5017,OTHER
2012,KANSAS,1138,OTHER
2012,KENTUCKY,1087190,REPUBLICAN
2012,KENTUCKY,679370,DEMOCRAT
2012,KENTUCKY,17063,LIBERTARIAN
2012,KENTUCKY,6872,OTHER
2012,KENTUCKY,6337,OTHER
2012,KENTUCKY,380,OTHER
2012,LOUISIANA,1152262,REPUBLICAN
2012,LOUISIANA,809141,DEMOCRAT
2012,LOUISIANA,18157,LIBERTARIAN
2012,LOUISIANA,6978,OTHER
2012,LOUISIANA,2508,OTHER
2012,LOUISIANA,1767,OTHER
2012,LOUISIANA,1368,OTHER
2012,LOUISIANA,622,OTHER
2012,LOUISIANA,518,OTHER
2012,LOUISIANA,389,OTHER
2012,LOUISIANA,355,OTHER
2012,MAINE,401306,DEMOCRAT
2012,MAINE,292276,REPUBLICAN
2012,MAINE,11578,OTHER
2012,MAINE,9352,LIBERTARIAN
2012,MAINE,8119,OTHER
2012,MAINE,2127,OTHER
2012,MARYLAND,1677844,DEMOCRAT
2012,MARYLAND,971869,REPUBLICAN
2012,MARYLAND,30195,LIBERTARIAN
2012,MARYLAND,17110,OTHER
2012,MARYLAND,10309,OTHER
2012,MASSACHUSETTS,1921290,DEMOCRAT
2012,MASSACHUSETTS,1188314,REPUBLICAN
2012,MASSACHUSETTS,30920,LIBERTARIAN
2012,MASSACHUSETTS,20691,OTHER
2012,MASSACHUSETTS,16429,OTHER
2012,MASSACHUSETTS,6552,OTHER
2012,MICHIGAN,2564569,DEMOCRAT
2012,MICHIGAN,2115256,REPUBLICAN
2012,MICHIGAN,21897,OTHER
2012,MICHIGAN,16119,OTHER
2012,MICHIGAN,7973,OTHER
2012,MICHIGAN,5147,OTHER
2012,MINNESOTA,1546167,DEMOCRAT
2012,MINNESOTA,1320225,REPUBLICAN
2012,MINNESOTA,35098,LIBERTARIAN
2012,MINNESOTA,13023,OTHER
2012,MINNESOTA,10641,OTHER
2012,MINNESOTA,3722,OTHER
2012,MINNESOTA,3149,OTHER
2012,MINNESOTA,1996,OTHER
2012,MINNESOTA,1092,OTHER
2012,MINNESOTA,1051,OTHER
2012,MINNESOTA,397,OTHER
2012,MISSISSIPPI,710746,REPUBLICAN
2012,MISSISSIPPI,562949,DEMOCRAT
2012,MISSISSIPPI,6676,LIBERTARIAN
2012,MISSISSIPPI,2609,OTHER
2012,MISSISSIPPI,1588,OTHER
2012,MISSISSIPPI,1016,OTHER
2012,MISSOURI,1482440,REPUBLICAN
2012,MISSOURI,1223796,DEMOCRAT
2012,MISSOURI,43151,LIBERTARIAN
2012,MISSOURI,7936,OTHER
2012,MONTANA,267928,REPUBLICAN
2012,MONTANA,201839,DEMOCRAT
2012,MONTANA,14165,LIBERTARIAN
2012,MONTANA,116,OTHER
2012,NEBRASKA,475064,REPUBLICAN
2012,NEBRASKA,302081,DEMOCRAT
2012,NEBRASKA,11109,LIBERTARIAN
2012,NEBRASKA,3717,OTHER
2012,NEBRASKA,2408,OTHER
2012,NEVADA,531373,DEMOCRAT
2012,NEVADA,463567,REPUBLICAN
2012,NEVADA,10968,LIBERTARIAN
2012,NEVADA,5770,OTHER
2012,NEVADA,3240,OTHER
2012,NEW HAMPSHIRE,369561,DEMOCRAT
2012,NEW HAMPSHIRE,329918,REPUBLICAN
2012,NEW HAMPSHIRE,8212,LIBERTARIAN
2012,NEW HAMPSHIRE,1698,OTHER
2012,NEW HAMPSHIRE,875,OTHER
2012,NEW HAMPSHIRE,708,OTHER
2012,NEW JERSEY,2122786,DEMOCRAT
2012,NEW JERSEY,1478088,REPUBLICAN
2012,NEW JERSEY,21035,LIBERTARIAN
2012,NEW JERSEY,9886,OTHER
2012,NEW JERSEY,2063,OTHER
2012,NEW JERSEY,1723,OTHER
2012,NEW JERSEY,1024,OTHER
2012,NEW JERSEY,709,OTHER
2012,NEW JERSEY,664,OTHER
2012,NEW JERSEY,521,OTHER
2012,NEW MEXICO,415335,DEMOCRAT
2012,NEW MEXICO,335788,REPUBLICAN
2012,NEW MEXICO,27788,LIBERTARIAN
2012,NEW MEXICO,2691,OTHER
2012,NEW MEXICO,1174,OTHER
2012,NEW MEXICO,982,OTHER
2012,NEW YORK,4324228,DEMOCRAT
2012,NEW YORK,2223397,REPUBLICAN
2012,NEW YORK,262035,OTHER
2012,NEW YORK,147643,OTHER
2012,NEW YORK,63881,OTHER
2012,NEW YORK,47092,LIBERTARIAN
2012,NEW YORK,39856,OTHER
2012,NEW YORK,6270,OTHER
2012,NEW YORK,2039,OTHER
2012,NEW YORK,343,OTHER
2012,NORTH CAROLINA,2270395,REPUBLICAN
2012,NORTH CAROLINA,2178391,DEMOCRAT
2012,NORTH CAROLINA,44515,LIBERTARIAN
2012,NORTH CAROLINA,12071,OTHER
2012,NORTH DAKOTA,188320,REPUBLICAN
2012,NORTH DAKOTA,124966,DEMOCRAT
2012,NORTH DAKOTA,5238,LIBERTARIAN
2012,NORTH DAKOTA,1860,OTHER
2012,NORTH DAKOTA,1186,OTHER
2012,NORTH DAKOTA,1362,OTHER
2012,OHIO,2827621,DEMOCRAT
2012,OHIO,2661407,REPUBLICAN
2012,OHIO,49493,LIBERTARIAN
2012,OHIO,18574,OTHER
2012,OHIO,12502,OTHER
2012,OHIO,8151,OTHER
2012,OHIO,2967,OTHER
2012,OHIO,107,OTHER
2012,OKLAHOMA,891325,REPUBLICAN
2012,OKLAHOMA,443547,DEMOCRAT
2012,OREGON,970488,DEMOCRAT
2012,OREGON,754175,REPUBLICAN
2012,OREGON,24089,LIBERTARIAN
2012,OREGON,19427,OTHER
2012,OREGON,13275,OTHER
2012,OREGON,4432,OTHER
2012,OREGON,3384,OTHER
2012,PENNSYLVANIA,2990274,DEMOCRAT
2012,PENNSYLVANIA,2680434,REPUBLICAN
2012,PENNSYLVANIA,49991,LIBERTARIAN
2012,PENNSYLVANIA,21341,OTHER
2012,RHODE ISLAND,279677,DEMOCRAT
2012,RHODE ISLAND,157204,REPUBLICAN
2012,RHODE ISLAND,4388,LIBERTARIAN
2012,RHODE ISLAND,2421,OTHER
2012,RHODE ISLAND,1381,OTHER
2012,RHODE ISLAND,430,OTHER
2012,RHODE ISLAND,416,OTHER
2012,RHODE ISLAND,132,OTHER
2012,SOUTH CAROLINA,1071645,REPUBLICAN
2012,SOUTH CAROLINA,865941,DEMOCRAT
2012,SOUTH CAROLINA,16321,LIBERTARIAN
2012,SOUTH CAROLINA,5446,OTHER
2012,SOUTH CAROLINA,4765,OTHER
2012,SOUTH DAKOTA,210610,REPUBLICAN
2012,SOUTH DAKOTA,145039,DEMOCRAT
2012,SOUTH DAKOTA,5795,LIBERTARIAN
2012,SOUTH DAKOTA,2371,OTHER
2012,TENNESSEE,1462330,REPUBLICAN
2012,TENNESSEE,960709,DEMOCRAT
2012,TENNESSEE,23001,OTHER
2012,TENNESSEE,6515,OTHER
2012,TENNESSEE,6022,OTHER
2012,TEXAS,4569843,REPUBLICAN
2012,TEXAS,3308124,DEMOCRAT
2012,TEXAS,88580,LIBERTARIAN
2012,TEXAS,24657,OTHER
2012,TEXAS,2647,OTHER
2012,UTAH,740600,REPUBLICAN
2012,UTAH,251813,DEMOCRAT
2012,UTAH,12572,LIBERTARIAN
2012,UTAH,5335,OTHER
2012,UTAH,3817,OTHER
2012,UTAH,2871,OTHER
2012,UTAH,393,OTHER
2012,UTAH,39,OTHER
2012,VERMONT,199239,DEMOCRAT
2012,VERMONT,92698,REPUBLICAN
2012,VERMONT,3487,LIBERTARIAN
2012,VERMONT,2043,OTHER
2012,VERMONT,1128,OTHER
2012,VERMONT,695,OTHER
2012,VIRGINIA,1971820,DEMOCRAT
2012,VIRGINIA,1822522,REPUBLICAN
2012,VIRGINIA,31216,LIBERTARIAN
2012,VIRGINIA,13058,OTHER
2012,VIRGINIA,8627,OTHER
2012,VIRGINIA,7246,OTHER
2012,WASHINGTON,1755396,DEMOCRAT
2012,WASHINGTON,1290670,REPUBLICAN
2012,WASHINGTON,42202,LIBERTARIAN
2012,WASHINGTON,20928,OTHER
2012,WASHINGTON,8851,OTHER
2012,WASHINGTON,4946,OTHER
2012,WASHINGTON,1318,OTHER
2012,WASHINGTON,1205,OTHER
2012,WEST VIRGINIA,417655,REPUBLICAN
2012,WEST VIRGINIA,238269,DEMOCRAT
2012,WEST VIRGINIA,6302,LIBERTARIAN
2012,WEST VIRGINIA,4406,OTHER
2012,WEST VIRGINIA,3806,OTHER
2012,WISCONSIN,1620985,DEMOCRAT
2012,WISCONSIN,1410966,REPUBLICAN
2012,WISCONSIN,29383,OTHER
2012,WISCONSIN,5170,OTHER
2012,WISCONSIN,4930,OTHER
2012,WYOMING,170962,REPUBLICAN
2012,WYOMING,69286,DEMOCRAT
2012,WYOMING,5326,LIBERTARIAN
2012,WYOMING,2035,OTHER
2012,WYOMING,1452,OTHER
2012,WYOMING,1367,OTHER
2012,WYOMING,273,OTHER
2016,ALABAMA,1318255,REPUBLICAN
2016,ALABAMA,729547,DEMOCRAT
2016,ALABAMA,44467,LIBERTARIAN
2016,ALABAMA,21712,OTHER
2016,ALABAMA,9391,OTHER
2016,ALASKA,163387,REPUBLICAN
2016,ALASKA,116454,DEMOCRAT
2016,ALASKA,18725,LIBERTARIAN
2016,ALASKA,9201,OTHER
2016,ALASKA,5735,OTHER
2016,ALASKA,3866,OTHER
2016,ALASKA,1240,OTHER
2016,ARIZONA,1252401,REPUBLICAN
2016,ARIZONA,1161167,DEMOCRAT
2016,ARIZONA,106327,LIBERTARIAN
2016,ARIZONA,34345,OTHER
2016,ARIZONA,17473,OTHER
2016,ARIZONA,1058,OTHER
2016,ARIZONA,311,OTHER
2016,ARIZONA,42,DEMOCRAT
2016,ARIZONA,29,OTHER
2016,ARIZONA,12,OTHER
2016,ARKANSAS,684872,REPUBLICAN
2016,ARKANSAS,380494,DEMOCRAT
2016,ARKANSAS,29829,LIBERTARIAN
2016,ARKANSAS,13255,OTHER
2016,ARKANSAS,9473,OTHER
2016,ARKANSAS,4709,OTHER
2016,ARKANSAS,4613,OTHER
2016,ARKANSAS,3390,OTHER
2016,CALIFORNIA,8753788,DEMOCRAT
2016,CALIFORNIA,4483810,REPUBLICAN
2016,CALIFORNIA,478500,LIBERTARIAN
2016,CALIFORNIA,278657,OTHER
2016,CALIFORNIA,120739,OTHER
2016,CALIFORNIA,66101,OTHER
2016,COLORADO,1338870,DEMOCRAT
2016,COLORADO,1202484,REPUBLICAN
2016,COLORADO,144121,LIBERTARIAN
2016,COLORADO,38437,OTHER
2016,COLORADO,31485,OTHER
2016,COLORADO,11699,OTHER
2016,COLORADO,5028,OTHER
2016,COLORADO,1255,OTHER
2016,COLORADO,1096,OTHER
2016,COLORADO,872,OTHER
2016,COLORADO,862,OTHER
2016,COLORADO,751,OTHER
2016,COLORADO,710,OTHER
2016,COLORADO,531,OTHER
2016,COLORADO,452,OTHER
2016,COLORADO,392,OTHER
2016,COLORADO,382,OTHER
2016,COLORADO,337,OTHER
2016,COLORADO,271,OTHER
2016,COLORADO,185,OTHER
2016,CONNECTICUT,897572,DEMOCRAT
2016,CONNECTICUT,673215,REPUBLICAN
2016,CONNECTICUT,48676,LIBERTARIAN
2016,CONNECTICUT,22841,OTHER
2016,CONNECTICUT,2616,OTHER
2016,DELAWARE,235603,DEMOCRAT
2016,DELAWARE,185127,REPUBLICAN
2016,DELAWARE,14757,LIBERTARIAN
2016,DELAWARE,6103,OTHER
2016,DISTRICT OF COLUMBIA,282830,DEMOCRAT
2016,DISTRICT OF COLUMBIA,12723,REPUBLICAN
2016,DISTRICT OF COLUMBIA,6551,OTHER
2016,DISTRICT OF COLUMBIA,4906,LIBERTARIAN
2016,DISTRICT OF COLUMBIA,4258,OTHER
2016,DISTRICT OF COLUMBIA,1064,OTHER
2016,DISTRICT OF COLUMBIA,243,OTHER
2016,FLORIDA,4617886,REPUBLICAN
2016,FLORIDA,4504975,DEMOCRAT
2016,FLORIDA,207043,LIBERTARIAN
2016,FLORIDA,64399,OTHER
2016,FLORIDA,16475,OTHER
2016,FLORIDA,9108,OTHER
2016,FLORIDA,153,OTHER
2016,GEORGIA,2089104,REPUBLICAN
2016,GEORGIA,1877963,DEMOCRAT
2016,GEORGIA,125306,LIBERTARIAN
2016,GEORGIA,22359,OTHER
2016,HAWAII,266891,DEMOCRAT
2016,HAWAII,128847,REPUBLICAN
2016,HAWAII,15954,LIBERTARIAN
2016,HAWAII,12737,OTHER
2016,HAWAII,8289,OTHER
2016,HAWAII,4508,OTHER
2016,HAWAII,438,OTHER
2016,IDAHO,409055,REPUBLICAN
2016,IDAHO,189765,DEMOCRAT
2016,IDAHO,60748,OTHER
2016,IDAHO,28331,LIBERTARIAN
2016,IDAHO,2356,OTHER
2016,ILLINOIS,3090729,DEMOCRAT
2016,ILLINOIS,2146015,REPUBLICAN
2016,ILLINOIS,209596,LIBERTARIAN
2016,ILLINOIS,76802,OTHER
2016,ILLINOIS,13282,OTHER
2016,INDIANA,1557286,REPUBLICAN
2016,INDIANA,1033126,DEMOCRAT
2016,INDIANA,133993,LIBERTARIAN
2016,INDIANA,7841,OTHER
2016,INDIANA,1937,OTHER
2016,INDIANA,718,OTHER
2016,INDIANA,57,OTHER
2016,IOWA,800983,REPUBLICAN
2016,IOWA,653669,DEMOCRAT
2016,IOWA,59186,LIBERTARIAN
2016,IOWA,17746,OTHER
2016,IOWA,12366,OTHER
2016,IOWA,11479,OTHER
2016,IOWA,5335,OTHER
2016,IOWA,2247,OTHER
2016,IOWA,2246,OTHER
2016,IOWA,323,OTHER
2016,KANSAS,671018,REPUBLICAN
2016,KANSAS,427005,DEMOCRAT
2016,KANSAS,55406,LIBERTARIAN
2016,KANSAS,23506,OTHER
2016,KANSAS,7467,OTHER
2016,KENTUCKY,1202971,REPUBLICAN
2016,KENTUCKY,628854,DEMOCRAT
2016,KENTUCKY,53752,LIBERTARIAN
2016,KENTUCKY,22780,OTHER
2016,KENTUCKY,13913,OTHER
2016,KENTUCKY,1128,OTHER
2016,KENTUCKY,751,OTHER
2016,LOUISIANA,1178638,REPUBLICAN
2016,LOUISIANA,780154,DEMOCRAT
2016,LOUISIANA,37978,LIBERTARIAN
2016,LOUISIANA,18231,OTHER
2016,LOUISIANA,14031,OTHER
2016,MAINE,357735,DEMOCRAT
2016,MAINE,335593,REPUBLICAN
2016,MAINE,38105,LIBERTARIAN
2016,MAINE,23965,OTHER
2016,MAINE,14251,OTHER
2016,MAINE,2243,OTHER
2016,MARYLAND,1677928,DEMOCRAT
2016,MARYLAND,943169,REPUBLICAN
2016,MARYLAND,79605,LIBERTARIAN
2016,MARYLAND,35945,OTHER
2016,MARYLAND,33263,OTHER
2016,MARYLAND,10921,OTHER
2016,MARYLAND,278,OTHER
2016,MARYLAND,259,REPUBLICAN
2016,MARYLAND,78,DEMOCRAT
2016,MASSACHUSETTS,1995196,DEMOCRAT
2016,MASSACHUSETTS,1090893,REPUBLICAN
2016,MASSACHUSETTS,138018,LIBERTARIAN
2016,MASSACHUSETTS,53775,OTHER
2016,MASSACHUSETTS,50488,OTHER
2016,MASSACHUSETTS,47661,OTHER
2016,MASSACHUSETTS,2790,OTHER
2016,MICHIGAN,2279543,REPUBLICAN
2016,MICHIGAN,2268839,DEMOCRAT
2016,MICHIGAN,172136,LIBERTARIAN
2016,MICHIGAN,51463,OTHER
2016,MICHIGAN,16139,OTHER
2016,MICHIGAN,8955,OTHER
2016,MICHIGAN,2209,OTHER
2016,MINNESOTA,1367705,DEMOCRAT
2016,MINNESOTA,1322949,REPUBLICAN
2016,MINNESOTA,112972,LIBERTARIAN
2016,MINNESOTA,53075,OTHER
2016,MINNESOTA,36986,OTHER
2016,MINNESOTA,27247,OTHER
2016,MINNESOTA,11291,OTHER
2016,MINNESOTA,9456,OTHER
2016,MINNESOTA,1671,OTHER
2016,MINNESOTA,1430,OTHER
2016,MISSISSIPPI,700714,REPUBLICAN
2016,MISSISSIPPI,485131,DEMOCRAT
2016,MISSISSIPPI,14435,LIBERTARIAN
2016,MISSISSIPPI,3987,OTHER
2016,MISSISSIPPI,3731,OTHER
2016,MISSISSIPPI,715,OTHER
2016,MISSISSIPPI,644,OTHER
2016,MISSOURI,1594511,REPUBLICAN
2016,MISSOURI,1071068,DEMOCRAT
2016,MISSOURI,97359,LIBERTARIAN
2016,MISSOURI,25419,OTHER
2016,MISSOURI,13092,OTHER
2016,MISSOURI,7156,OTHER
2016,MONTANA,279240,REPUBLICAN
2016,MONTANA,177709,DEMOCRAT
2016,MONTANA,28037,LIBERTARIAN
2016,MONTANA,7970,OTHER
2016,MONTANA,1570,OTHER
2016,NEBRASKA,495961,REPUBLICAN
2016,NEBRASKA,284494,DEMOCRAT
2016,NEBRASKA,38946,LIBERTARIAN
2016,NEBRASKA,16051,OTHER
2016,NEBRASKA,8775,OTHER
2016,NEVADA,539260,DEMOCRAT
2016,NEVADA,512058,REPUBLICAN
2016,NEVADA,37384,LIBERTARIAN
2016,NEVADA,28863,OTHER
2016,NEVADA,5268,OTHER
2016,NEVADA,2552,OTHER
2016,NEW HAMPSHIRE,348526,DEMOCRAT
2016,NEW HAMPSHIRE,345790,REPUBLICAN
2016,NEW HAMPSHIRE,30777,LIBERTARIAN
2016,NEW HAMPSHIRE,9618,OTHER
2016,NEW HAMPSHIRE,6496,OTHER
2016,NEW HAMPSHIRE,2411,OTHER
2016,NEW HAMPSHIRE,678,OTHER
2016,NEW JERSEY,2148278,DEMOCRAT
2016,NEW JERSEY,1601933,REPUBLICAN
2016,NEW JERSEY,72477,LIBERTARIAN
2016,NEW JERSEY,37772,OTHER
2016,NEW JERSEY,6161,OTHER
2016,NEW JERSEY,2156,OTHER
2016,NEW JERSEY,1838,OTHER
2016,NEW JERSEY,1749,OTHER
2016,NEW JERSEY,1682,OTHER
2016,NEW MEXICO,385234,DEMOCRAT
2016,NEW MEXICO,319667,REPUBLICAN
2016,NEW MEXICO,74541,LIBERTARIAN
2016,NEW MEXICO,9879,OTHER
2016,NEW MEXICO,5825,OTHER
2016,NEW MEXICO,1514,OTHER
2016,NEW MEXICO,1184,OTHER
2016,NEW MEXICO,475,OTHER
2016,NEW YORK,4379789,DEMOCRAT
2016,NEW YORK,2527142,REPUBLICAN
2016,NEW YORK,292392,OTHER
2016,NEW YORK,140041,OTHER
2016,NEW YORK,119156,OTHER
2016,NEW YORK,107934,OTHER
2016,NEW YORK,77179,OTHER
2016,NEW YORK,57442,LIBERTARIAN
2016,NEW YORK,48447,OTHER
2016,NEW YORK,36294,OTHER
2016,NEW YORK,12816,OTHER
2016,NEW YORK,3452,OTHER
2016,NORTH CAROLINA,2362631,REPUBLICAN
2016,NORTH CAROLINA,2189316,DEMOCRAT
2016,NORTH CAROLINA,130126,LIBERTARIAN
2016,NORTH CAROLINA,47386,OTHER
2016,NORTH CAROLINA,12105,OTHER
2016,NORTH DAKOTA,216794,REPUBLICAN
2016,NORTH DAKOTA,93758,DEMOCRAT
2016,NORTH DAKOTA,21434,LIBERTARIAN
2016,NORTH DAKOTA,6397,OTHER
2016,NORTH DAKOTA,3780,OTHER
2016,NORTH DAKOTA,1833,OTHER
2016,NORTH DAKOTA,364,OTHER
2016,OHIO,2841005,REPUBLICAN
2016,OHIO,2394164,DEMOCRAT
2016,OHIO,198733,OTHER
2016,OHIO,46271,OTHER
2016,OHIO,16314,OTHER
2016,OKLAHOMA,949136,REPUBLICAN
2016,OKLAHOMA,420375,DEMOCRAT
2016,OKLAHOMA,83481,LIBERTARIAN
2016,OREGON,1002106,DEMOCRAT
2016,OREGON,782403,REPUBLICAN
2016,OREGON,94231,LIBERTARIAN
2016,OREGON,72594,OTHER
2016,OREGON,50002,OTHER
2016,PENNSYLVANIA,2970733,REPUBLICAN
2016,PENNSYLVANIA,2926441,DEMOCRAT
2016,PENNSYLVANIA,146715,LIBERTARIAN
2016,PENNSYLVANIA,49941,OTHER
2016,PENNSYLVANIA,21572,OTHER
2016,RHODE ISLAND,252525,DEMOCRAT
2016,RHODE ISLAND,180543,REPUBLICAN
2016,RHODE ISLAND,14746,LIBERTARIAN
2016,RHODE ISLAND,9439,OTHER
2016,RHODE ISLAND,6220,OTHER
2016,RHODE ISLAND,671,OTHER
2016,SOUTH CAROLINA,1155389,REPUBLICAN
2016,SOUTH CAROLINA,855373,DEMOCRAT
2016,SOUTH CAROLINA,49204,LIBERTARIAN
2016,SOUTH CAROLINA,21016,OTHER
2016,SOUTH CAROLINA,13034,OTHER
2016,SOUTH CAROLINA,5765,OTHER
2016,SOUTH CAROLINA,3246,OTHER
2016,SOUTH DAKOTA,227721,REPUBLICAN
2016,SOUTH DAKOTA,117458,DEMOCRAT
2016,SOUTH DAKOTA,20850,LIBERTARIAN
2016,SOUTH DAKOTA,4064,OTHER
2016,TENNESSEE,1522925,REPUBLICAN
2016,TENNESSEE,870695,DEMOCRAT
2016,TENNESSEE,100618,OTHER
2016,TENNESSEE,13789,OTHER
2016,TEXAS,4685047,REPUBLICAN
2016,TEXAS,3877868,DEMOCRAT
2016,TEXAS,283492,LIBERTARIAN
2016,TEXAS,71558,OTHER
2016,TEXAS,51261,OTHER
2016,UTAH,515211,REPUBLICAN
2016,UTAH,310674,DEMOCRAT
2016,UTAH,255060,OTHER
2016,UTAH,39608,LIBERTARIAN
2016,UTAH,8032,OTHER
2016,UTAH,2732,OTHER
2016,VERMONT,178573,DEMOCRAT
2016,VERMONT,95369,REPUBLICAN
2016,VERMONT,22899,OTHER
2016,VERMONT,10078,LIBERTARIAN
2016,VERMONT,6758,OTHER
2016,VERMONT,4574,OTHER
2016,VERMONT,1063,OTHER
2016,VERMONT,826,OTHER
2016,VERMONT,327,OTHER
2016,VIRGINIA,1981473,DEMOCRAT
2016,VIRGINIA,1769443,REPUBLICAN
2016,VIRGINIA,118274,LIBERTARIAN
2016,VIRGINIA,54054,OTHER
2016,VIRGINIA,31870,OTHER
2016,VIRGINIA,27638,OTHER
2016,WASHINGTON,1742718,DEMOCRAT
2016,WASHINGTON,1221747,REPUBLICAN
2016,WASHINGTON,160879,LIBERTARIAN
2016,WASHINGTON,107805,OTHER
2016,WASHINGTON,58417,OTHER
2016,WASHINGTON,17623,OTHER
2016,WASHINGTON,4307,OTHER
2016,WASHINGTON,3523,OTHER
2016,WEST VIRGINIA,489371,REPUBLICAN
2016,WEST VIRGINIA,188794,DEMOCRAT
2016,WEST VIRGINIA,23004,LIBERTARIAN
2016,WEST VIRGINIA,8075,OTHER
2016,WEST VIRGINIA,3807,OTHER
2016,WISCONSIN,1405284,REPUBLICAN
2016,WISCONSIN,1382536,DEMOCRAT
2016,WISCONSIN,106674,LIBERTARIAN
2016,WISCONSIN,31072,OTHER
2016,WISCONSIN,22764,OTHER
2016,WISCONSIN,12386,OTHER
2016,WISCONSIN,12162,OTHER
2016,WISCONSIN,1770,OTHER
2016,WISCONSIN,1502,OTHER
2016,WYOMING,174419,REPUBLICAN
2016,WYOMING,55973,DEMOCRAT
2016,WYOMING,13287,LIBERTARIAN
2016,WYOMING,6904,OTHER
2016,WYOMING,3224,OTHER
2016,WYOMING,2661,OTHER
2016,WYOMING,2042,OTHER
2016,WYOMING,278,OTHER
2020,ALABAMA,849624,DEMOCRAT
2020,ALABAMA,1441170,REPUBLICAN
2020,ALABAMA,25176,LIBERTARIAN
2020,ALABAMA,7312,OTHER
2020,ALASKA,153778,DEMOCRAT
2020,ALASKA,189951,REPUBLICAN
2020,ALASKA,8897,LIBERTARIAN
2020,ALASKA,318,OTHER
2020,ALASKA,825,OTHER
2020,ALASKA,2673,OTHER
2020,ALASKA,1127,OTHER
2020,ALASKA,1961,OTHER
2020,ARIZONA,1672143,DEMOCRAT
2020,ARIZONA,1661686,REPUBLICAN
2020,ARIZONA,51465,LIBERTARIAN
2020,ARIZONA,190,OTHER
2020,ARIZONA,36,OTHER
2020,ARIZONA,236,OTHER
2020,ARIZONA,13,OTHER
2020,ARIZONA,1557,OTHER
2020,ARKANSAS,1713,OTHER
2020,ARKANSAS,2108,OTHER
2020,ARKANSAS,423932,DEMOCRAT
2020,ARKANSAS,2980,OTHER
2020,ARKANSAS,2141,OTHER
2020,ARKANSAS,1475,OTHER
2020,ARKANSAS,4099,OTHER
2020,ARKANSAS,2812,OTHER
2020,ARKANSAS,1321,OTHER
2020,ARKANSAS,13133,LIBERTARIAN
2020,ARKANSAS,1372,OTHER
2020,ARKANSAS,760647,REPUBLICAN
2020,ARKANSAS,1336,OTHER
2020,CALIFORNIA,11110250,DEMOCRAT
2020,CALIFORNIA,6006429,REPUBLICAN
2020,CALIFORNIA,187895,LIBERTARIAN
2020,CALIFORNIA,81029,OTHER
2020,CALIFORNIA,60160,OTHER
2020,CALIFORNIA,51037,OTHER
2020,CALIFORNIA,2605,OTHER
2020,CALIFORNIA,611,OTHER
2020,CALIFORNIA,559,OTHER
2020,CALIFORNIA,185,OTHER
2020,CALIFORNIA,121,OTHER
2020,COLORADO,1804352,DEMOCRAT
2020,COLORADO,1364607,REPUBLICAN
2020,COLORADO,52460,LIBERTARIAN
2020,COLORADO,8986,OTHER
2020,COLORADO,1035,OTHER
2020,COLORADO,636,OTHER
2020,COLORADO,572,OTHER
2020,COLORADO,8089,OTHER
2020,COLORADO,5061,OTHER
2020,COLORADO,2730,OTHER
2020,COLORADO,355,OTHER
2020,COLORADO,25515,OTHER
2020,COLORADO,2011,OTHER
2020,COLORADO,568,OTHER
2020,COLORADO,379,OTHER
2020,COLORADO,495,OTHER
2020,COLORADO,354,OTHER
2020,COLORADO,196,OTHER
2020,COLORADO,762,OTHER
2020,COLORADO,614,OTHER
2020,COLORADO,175,OTHER
2020,COLORADO,4,OTHER
2020,COLORADO,24,OTHER
2020,CONNECTICUT,1080831,DEMOCRAT
2020,CONNECTICUT,714717,REPUBLICAN
2020,CONNECTICUT,20230,LIBERTARIAN
2020,CONNECTICUT,7538,OTHER
2020,CONNECTICUT,219,OTHER
2020,CONNECTICUT,11,OTHER
2020,CONNECTICUT,0,OTHER
2020,CONNECTICUT,1,OTHER
2020,CONNECTICUT,6,OTHER
2020,CONNECTICUT,2,OTHER
2020,CONNECTICUT,13,OTHER
2020,CONNECTICUT,12,OTHER
2020,CONNECTICUT,22,OTHER
2020,CONNECTICUT,255,OTHER
2020,DELAWARE,7,OTHER
2020,DELAWARE,87,OTHER
2020,DELAWARE,5,OTHER
2020,DELAWARE,1,OTHER
2020,DELAWARE,3,OTHER
2020,DELAWARE,14,OTHER
2020,DELAWARE,28,OTHER
2020,DELAWARE,169,OTHER
2020,DELAWARE,1,OTHER
2020,DELAWARE,1,OTHER
2020,DELAWARE,8,OTHER
2020,DELAWARE,2,OTHER
2020,DELAWARE,1,OTHER
2020,DELAWARE,2,OTHER
2020,DELAWARE,4,OTHER
2020,DELAWARE,2,OTHER
2020,DELAWARE,1,OTHER
2020,DELAWARE,296268,DEMOCRAT
2020,DELAWARE,200603,REPUBLICAN
2020,DELAWARE,5000,LIBERTARIAN
2020,DELAWARE,2139,OTHER
2020,DISTRICT OF COLUMBIA,317323,DEMOCRAT
2020,DISTRICT OF COLUMBIA,18586,REPUBLICAN
2020,DISTRICT OF COLUMBIA,2036,LIBERTARIAN
2020,DISTRICT OF COLUMBIA,1726,OTHER
2020,DISTRICT OF COLUMBIA,855,OTHER
2020,DISTRICT OF COLUMBIA,3137,OTHER
2020,DISTRICT OF COLUMBIA,693,OTHER
2020,FLORIDA,5297045,DEMOCRAT
2020,FLORIDA,5668731,REPUBLICAN
2020,FLORIDA,70324,LIBERTARIAN
2020,FLORIDA,14721,OTHER
2020,FLORIDA,5712,OTHER
2020,FLORIDA,5966,OTHER
2020,FLORIDA,9,OTHER
2020,FLORIDA,3902,OTHER
2020,FLORIDA,8,OTHER
2020,FLORIDA,2,OTHER
2020,FLORIDA,181,OTHER
2020,FLORIDA,854,OTHER
2020,FLORIDA,1,OTHER
2020,GEORGIA,10,OTHER
2020,GEORGIA,701,OTHER
2020,GEORGIA,6,OTHER
2020,GEORGIA,1,OTHER
2020,GEORGIA,61,OTHER
2020,GEORGIA,159,OTHER
2020,GEORGIA,1013,OTHER
2020,GEORGIA,181,OTHER
2020,GEORGIA,6,OTHER
2020,GEORGIA,2,OTHER
2020,GEORGIA,11,OTHER
2020,GEORGIA,65,OTHER
2020,GEORGIA,8,OTHER
2020,GEORGIA,8,OTHER
2020,GEORGIA,7,OTHER
2020,GEORGIA,5,OTHER
2020,GEORGIA,2473633,DEMOCRAT
2020,GEORGIA,2461854,REPUBLICAN
2020,GEORGIA,62229,LIBERTARIAN
2020,HAWAII,366130,DEMOCRAT
2020,HAWAII,196864,REPUBLICAN
2020,HAWAII,5539,LIBERTARIAN
2020,HAWAII,3822,OTHER
2020,HAWAII,1183,OTHER
2020,HAWAII,931,OTHER
2020,HAWAII,4927,OTHER
2020,HAWAII,388,OTHER
2020,IDAHO,287021,DEMOCRAT
2020,IDAHO,554119,REPUBLICAN
2020,IDAHO,16404,LIBERTARIAN
2020,IDAHO,407,OTHER
2020,IDAHO,2808,OTHER
2020,IDAHO,1886,OTHER
2020,IDAHO,1491,OTHER
2020,IDAHO,3632,OTHER
2020,IDAHO,49,OTHER
2020,IDAHO,163,OTHER
2020,IDAHO,1,OTHER
2020,IDAHO,1,OTHER
2020,IDAHO,7,OTHER
2020,IDAHO,4,OTHER
2020,IDAHO,21,OTHER
2020,ILLINOIS,3471915,DEMOCRAT
2020,ILLINOIS,2446891,REPUBLICAN
2020,ILLINOIS,66544,LIBERTARIAN
2020,ILLINOIS,30494,OTHER
2020,ILLINOIS,9548,OTHER
2020,ILLINOIS,8046,OTHER
2020,ILLINOIS,84,OTHER
2020,ILLINOIS,78,OTHER
2020,ILLINOIS,75,OTHER
2020,ILLINOIS,18,OTHER
2020,ILLINOIS,18,OTHER
2020,ILLINOIS,8,OTHER
2020,ILLINOIS,7,OTHER
2020,ILLINOIS,5,OTHER
2020,ILLINOIS,4,OTHER
2020,ILLINOIS,3,OTHER
2020,ILLINOIS,2,OTHER
2020,ILLINOIS,1,OTHER
2020,ILLINOIS,1,OTHER
2020,ILLINOIS,1,OTHER
2020,INDIANA,1242416,DEMOCRAT
2020,INDIANA,1729519,REPUBLICAN
2020,INDIANA,59232,LIBERTARIAN
2020,INDIANA,988,OTHER
2020,INDIANA,893,OTHER
2020,INDIANA,23,OTHER
2020,INDIANA,17,OTHER
2020,INDIANA,13,OTHER
2020,INDIANA,5,OTHER
2020,INDIANA,4,OTHER
2020,INDIANA,4,OTHER
2020,INDIANA,2,OTHER
2020,INDIANA,1,OTHER
2020,INDIANA,1,OTHER
2020,IOWA,897672,REPUBLICAN
2020,IOWA,759061,DEMOCRAT
2020,IOWA,1082,OTHER
2020,IOWA,1707,OTHER
2020,IOWA,546,OTHER
2020,IOWA,3075,OTHER
2020,IOWA,19637,LIBERTARIAN
2020,IOWA,544,OTHER
2020,IOWA,3210,OTHER
2020,IOWA,4337,OTHER
2020,IOWA,6614,OTHER
2020,IOWA,2645,OTHER
2020,KANSAS,771406,REPUBLICAN
2020,KANSAS,570323,DEMOCRAT
2020,KANSAS,30574,LIBERTARIAN
2020,KENTUCKY,1326646,REPUBLICAN
2020,KENTUCKY,772474,DEMOCRAT
2020,KENTUCKY,26234,LIBERTARIAN
2020,KENTUCKY,6483,OTHER
2020,KENTUCKY,3599,OTHER
2020,KENTUCKY,716,OTHER
2020,KENTUCKY,408,OTHER
2020,KENTUCKY,98,OTHER
2020,KENTUCKY,43,OTHER
2020,KENTUCKY,29,OTHER
2020,KENTUCKY,20,OTHER
2020,KENTUCKY,9,OTHER
2020,KENTUCKY,7,OTHER
2020,KENTUCKY,1,OTHER
2020,KENTUCKY,1,OTHER
2020,LOUISIANA,856034,DEMOCRAT
2020,LOUISIANA,21645,LIBERTARIAN
2020,LOUISIANA,1255776,REPUBLICAN
2020,LOUISIANA,2497,OTHER
2020,LOUISIANA,1626,OTHER
2020,LOUISIANA,1125,OTHER
2020,LOUISIANA,860,OTHER
2020,LOUISIANA,749,OTHER
2020,LOUISIANA,668,OTHER
2020,LOUISIANA,987,OTHER
2020,LOUISIANA,536,OTHER
2020,LOUISIANA,4897,OTHER
2020,LOUISIANA,662,OTHER
2020,MAINE,435072,DEMOCRAT
2020,MAINE,14152,LIBERTARIAN
2020,MAINE,360737,REPUBLICAN
2020,MAINE,8230,OTHER
2020,MAINE,1183,OTHER
2020,MAINE,87,OTHER
2020,MAINE,8844,OTHER
2020,MARYLAND,976414,REPUBLICAN
2020,MARYLAND,1985023,DEMOCRAT
2020,MARYLAND,33488,LIBERTARIAN
2020,MARYLAND,15799,OTHER
2020,MARYLAND,5884,OTHER
2020,MARYLAND,8,OTHER
2020,MARYLAND,23,OTHER
2020,MARYLAND,4,OTHER
2020,MARYLAND,795,OTHER
2020,MARYLAND,11,OTHER
2020,MARYLAND,30,OTHER
2020,MARYLAND,10,OTHER
2020,MARYLAND,26,OTHER
2020,MARYLAND,11,OTHER
2020,MARYLAND,20,OTHER
2020,MARYLAND,1,OTHER
2020,MARYLAND,16,OTHER
2020,MARYLAND,6,OTHER
2020,MARYLAND,3,OTHER
2020,MARYLAND,131,OTHER
2020,MARYLAND,5,OTHER
2020,MARYLAND,1117,OTHER
2020,MARYLAND,125,OTHER
2020,MARYLAND,32,OTHER
2020,MARYLAND,3,OTHER
2020,MARYLAND,18045,OTHER
2020,MASSACHUSETTS,2382202,DEMOCRAT
2020,MASSACHUSETTS,1167202,REPUBLICAN
2020,MASSACHUSETTS,47013,LIBERTARIAN
2020,MASSACHUSETTS,18658,OTHER
2020,MASSACHUSETTS,26603,OTHER
2020,MASSACHUSETTS,16327,OTHER
2020,MICHIGAN,2804040,DEMOCRAT
2020,MICHIGAN,2649852,REPUBLICAN
2020,MICHIGAN,60381,LIBERTARIAN
2020,MICHIGAN,7235,OTHER
2020,MICHIGAN,13718,OTHER
2020,MICHIGAN,2986,OTHER
2020,MICHIGAN,963,OTHER
2020,MICHIGAN,32,OTHER
2020,MICHIGAN,1,OTHER
2020,MICHIGAN,89,OTHER
2020,MICHIGAN,5,OTHER
2020,MINNESOTA,1484065,REPUBLICAN
2020,MINNESOTA,1717077,DEMOCRAT
2020,MINNESOTA,5611,OTHER
2020,MINNESOTA,10033,OTHER
2020,MINNESOTA,7940,OTHER
2020,MINNESOTA,5651,OTHER
2020,MINNESOTA,1210,OTHER
2020,MINNESOTA,643,OTHER
2020,MINNESOTA,34976,LIBERTARIAN
2020,MINNESOTA,9965,OTHER
2020,MISSISSIPPI,539398,DEMOCRAT
2020,MISSISSIPPI,756764,REPUBLICAN
2020,MISSISSIPPI,1279,OTHER
2020,MISSISSIPPI,1161,OTHER
2020,MISSISSIPPI,1317,OTHER
2020,MISSISSIPPI,1498,OTHER
2020,MISSISSIPPI,8026,LIBERTARIAN
2020,MISSISSIPPI,659,OTHER
2020,MISSISSIPPI,3657,OTHER
2020,MISSOURI,1718736,REPUBLICAN
2020,MISSOURI,1253014,DEMOCRAT
2020,MISSOURI,41205,LIBERTARIAN
2020,MISSOURI,8283,OTHER
2020,MISSOURI,3919,OTHER
2020,MISSOURI,0,OTHER
2020,MISSOURI,3,OTHER
2020,MISSOURI,74,OTHER
2020,MISSOURI,664,OTHER
2020,MISSOURI,64,OTHER
2020,MONTANA,15252,LIBERTARIAN
2020,MONTANA,343602,REPUBLICAN
2020,MONTANA,244786,DEMOCRAT
2020,MONTANA,2,OTHER
2020,MONTANA,6,OTHER
2020,MONTANA,23,OTHER
2020,MONTANA,3,OTHER
2020,NEBRASKA,556846,REPUBLICAN
2020,NEBRASKA,374583,DEMOCRAT
2020,NEBRASKA,20283,LIBERTARIAN
2020,NEBRASKA,4671,OTHER
2020,NEVADA,14783,LIBERTARIAN
2020,NEVADA,669890,REPUBLICAN
2020,NEVADA,703486,DEMOCRAT
2020,NEVADA,3138,OTHER
2020,NEVADA,14079,OTHER
2020,NEW HAMPSHIRE,13235,LIBERTARIAN
2020,NEW HAMPSHIRE,365654,REPUBLICAN
2020,NEW HAMPSHIRE,424921,DEMOCRAT
2020,NEW HAMPSHIRE,47,OTHER
2020,NEW HAMPSHIRE,14,OTHER
2020,NEW HAMPSHIRE,142,OTHER
2020,NEW HAMPSHIRE,217,OTHER
2020,NEW HAMPSHIRE,10,OTHER
2020,NEW HAMPSHIRE,67,OTHER
2020,NEW HAMPSHIRE,19,OTHER
2020,NEW HAMPSHIRE,10,OTHER
2020,NEW HAMPSHIRE,13,OTHER
2020,NEW HAMPSHIRE,56,OTHER
2020,NEW HAMPSHIRE,12,OTHER
2020,NEW HAMPSHIRE,170,OTHER
2020,NEW HAMPSHIRE,192,OTHER
2020,NEW HAMPSHIRE,14,OTHER
2020,NEW HAMPSHIRE,46,OTHER
2020,NEW HAMPSHIRE,22,OTHER
2020,NEW HAMPSHIRE,23,OTHER
2020,NEW HAMPSHIRE,82,OTHER
2020,NEW HAMPSHIRE,58,OTHER
2020,NEW HAMPSHIRE,1158,OTHER
2020,NEW JERSEY,1883274,REPUBLICAN
2020,NEW JERSEY,2608335,DEMOCRAT
2020,NEW JERSEY,31677,LIBERTARIAN
2020,NEW JERSEY,14202,OTHER
2020,NEW JERSEY,3255,OTHER
2020,NEW JERSEY,2954,OTHER
2020,NEW JERSEY,2928,OTHER
2020,NEW JERSEY,2728,OTHER
2020,NEW MEXICO,4426,OTHER
2020,NEW MEXICO,12585,LIBERTARIAN
2020,NEW MEXICO,501614,DEMOCRAT
2020,NEW MEXICO,1806,OTHER
2020,NEW MEXICO,401894,REPUBLICAN
2020,NEW MEXICO,1640,OTHER
2020,NEW YORK,5230985,DEMOCRAT
2020,NEW YORK,3244798,REPUBLICAN
2020,NEW YORK,32753,OTHER
2020,NEW YORK,60234,LIBERTARIAN
2020,NEW YORK,22587,OTHER
2020,NEW YORK,805,OTHER
2020,NEW YORK,376,OTHER
2020,NEW YORK,3,OTHER
2020,NEW YORK,2,OTHER
2020,NEW YORK,6,OTHER
2020,NEW YORK,9,OTHER
2020,NEW YORK,13,OTHER
2020,NEW YORK,155,OTHER
2020,NEW YORK,20,OTHER
2020,NEW YORK,28,OTHER
2020,NEW YORK,3,OTHER
2020,NEW YORK,1897,OTHER
2020,NEW YORK,43,OTHER
2020,NEW YORK,2,OTHER
2020,NEW YORK,98,OTHER
2020,NEW YORK,8,OTHER
2020,NEW YORK,1,OTHER
2020,NEW YORK,43541,OTHER
2020,NEW YORK,23368,OTHER
2020,NORTH CAROLINA,2758773,REPUBLICAN
2020,NORTH CAROLINA,2684292,DEMOCRAT
2020,NORTH CAROLINA,48678,LIBERTARIAN
2020,NORTH CAROLINA,12195,OTHER
2020,NORTH CAROLINA,7549,OTHER
2020,NORTH CAROLINA,119,OTHER
2020,NORTH CAROLINA,13196,OTHER
2020,NORTH DAKOTA,235595,REPUBLICAN
2020,NORTH DAKOTA,114902,DEMOCRAT
2020,NORTH DAKOTA,9393,LIBERTARIAN
2020,NORTH DAKOTA,1929,OTHER
2020,OHIO,3154834,REPUBLICAN
2020,OHIO,2679165,DEMOCRAT
2020,OHIO,67569,LIBERTARIAN
2020,OHIO,3,OTHER
2020,OHIO,1450,OTHER
2020,OHIO,18812,OTHER
2020,OHIO,114,OTHER
2020,OHIO,27,OTHER
2020,OHIO,212,OTHER
2020,OHIO,16,OTHER
2020,OKLAHOMA,1020280,REPUBLICAN
2020,OKLAHOMA,503890,DEMOCRAT
2020,OKLAHOMA,24731,LIBERTARIAN
2020,OKLAHOMA,3654,OTHER
2020,OKLAHOMA,5597,OTHER
2020,OKLAHOMA,2547,OTHER
2020,OREGON,958448,REPUBLICAN
2020,OREGON,1340383,DEMOCRAT
2020,OREGON,41582,LIBERTARIAN
2020,OREGON,11831,OTHER
2020,OREGON,4988,OTHER
2020,OREGON,17089,OTHER
2020,PENNSYLVANIA,3377674,REPUBLICAN
2020,PENNSYLVANIA,3458229,DEMOCRAT
2020,PENNSYLVANIA,79380,LIBERTARIAN
2020,RHODE ISLAND,307486,DEMOCRAT
2020,RHODE ISLAND,199922,REPUBLICAN
2020,RHODE ISLAND,5053,LIBERTARIAN
2020,RHODE ISLAND,2759,OTHER
2020,RHODE ISLAND,923,OTHER
2020,RHODE ISLAND,847,OTHER
2020,SOUTH CAROLINA,767,OTHER
2020,SOUTH CAROLINA,6907,OTHER
2020,SOUTH CAROLINA,1385103,REPUBLICAN
2020,SOUTH CAROLINA,1862,OTHER
2020,SOUTH CAROLINA,27916,LIBERTARIAN
2020,SOUTH CAROLINA,1091541,DEMOCRAT
2020,SOUTH DAKOTA,261043,REPUBLICAN
2020,SOUTH DAKOTA,150471,DEMOCRAT
2020,SOUTH DAKOTA,11095,LIBERTARIAN
2020,TENNESSEE,1852475,REPUBLICAN
2020,TENNESSEE,1143711,DEMOCRAT
2020,TENNESSEE,5365,OTHER
2020,TENNESSEE,1860,OTHER
2020,TENNESSEE,4545,OTHER
2020,TENNESSEE,29877,OTHER
2020,TENNESSEE,2576,OTHER
2020,TENNESSEE,2301,OTHER
2020,TENNESSEE,10279,OTHER
2020,TENNESSEE,1,OTHER
2020,TENNESSEE,762,OTHER
2020,TENNESSEE,31,OTHER
2020,TENNESSEE,68,OTHER
2020,TEXAS,5890347,REPUBLICAN
2020,TEXAS,5259126,DEMOCRAT
2020,TEXAS,126243,LIBERTARIAN
2020,TEXAS,33396,OTHER
2020,TEXAS,2012,OTHER
2020,TEXAS,2785,OTHER
2020,TEXAS,205,OTHER
2020,TEXAS,49,OTHER
2020,TEXAS,337,OTHER
2020,TEXAS,350,OTHER
2020,TEXAS,36,OTHER
2020,TEXAS,56,OTHER
2020,TEXAS,114,OTHER
2020,UTAH,2623,OTHER
2020,UTAH,7213,OTHER
2020,UTAH,560282,DEMOCRAT
2020,UTAH,5551,OTHER
2020,UTAH,38447,LIBERTARIAN
2020,UTAH,2229,OTHER
2020,UTAH,5053,OTHER
2020,UTAH,1139,OTHER
2020,UTAH,865140,REPUBLICAN
2020,UTAH,368,OTHER
2020,UTAH,51,OTHER
2020,UTAH,186,OTHER
2020,UTAH,1,OTHER
2020,UTAH,6,OTHER
2020,VERMONT,242820,DEMOCRAT
2020,VERMONT,112704,REPUBLICAN
2020,VERMONT,3608,LIBERTARIAN
2020,VERMONT,1310,OTHER
2020,VERMONT,1269,OTHER
2020,VERMONT,1175,OTHER
2020,VERMONT,856,OTHER
2020,VERMONT,213,OTHER
2020,VERMONT,209,OTHER
2020,VERMONT,208,OTHER
2020,VERMONT,195,OTHER
2020,VERMONT,166,OTHER
2020,VERMONT,141,OTHER
2020,VERMONT,137,OTHER
2020,VERMONT,126,OTHER
2020,VERMONT,100,OTHER
2020,VERMONT,65,OTHER
2020,VERMONT,54,OTHER
2020,VERMONT,53,OTHER
2020,VERMONT,48,OTHER
2020,VERMONT,1942,OTHER
2020,VERMONT,278,OTHER
2020,VERMONT,3262,OTHER
2020,VERMONT,29,OTHER
2020,VIRGINIA,2413568,DEMOCRAT
2020,VIRGINIA,1962430,REPUBLICAN
2020,VIRGINIA,64761,LIBERTARIAN
2020,VIRGINIA,19765,OTHER
2020,WASHINGTON,2369612,DEMOCRAT
2020,WASHINGTON,1584651,REPUBLICAN
2020,WASHINGTON,80500,LIBERTARIAN
2020,WASHINGTON,18289,OTHER
2020,WASHINGTON,4840,OTHER
2020,WASHINGTON,2487,OTHER
2020,WASHINGTON,27252,OTHER
2020,WEST VIRGINIA,235984,DEMOCRAT
2020,WEST VIRGINIA,545382,REPUBLICAN
2020,WEST VIRGINIA,10687,LIBERTARIAN
2020,WEST VIRGINIA,2599,OTHER
2020,WISCONSIN,1630866,DEMOCRAT
2020,WISCONSIN,1610184,REPUBLICAN
2020,WISCONSIN,5146,OTHER
2020,WISCONSIN,38491,OTHER
2020,WISCONSIN,5259,OTHER
2020,WISCONSIN,25,OTHER
2020,WISCONSIN,36,OTHER
2020,WISCONSIN,5,OTHER
2020,WISCONSIN,1089,OTHER
2020,WISCONSIN,110,OTHER
2020,WISCONSIN,411,OTHER
2020,WISCONSIN,52,OTHER
2020,WISCONSIN,6367,OTHER
2020,WYOMING,73491,DEMOCRAT
2020,WYOMING,193559,REPUBLICAN
2020,WYOMING,5768,LIBERTARIAN
2020,WYOMING,2208,OTHER
2020,WYOMING,1739,OTHER
2020,WYOMING,279,OTHER
2020,WYOMING,1459,OTHER
